sg,temp,type,id,comment,time,__acc_reading_doc_id,__acc_reading_data_id,timepoint,ph,pressure
,16.3,manual,manual,,1764572410404,QKineEGIz6J2gFCQuTwzs8hu7mXuxn$0$manual$manual$0,ubXFJ9ci1FNHSewoZpaRFh4rGrjfXy,2025-12-01T07:00:10.404Z
,16.1,manual,manual,,1764529200000,QKineEGIz6J2gFCQuTwzs8hu7mXuxn$0$manual$manual$0,mItyMsG6kEWeueDlHedj9tta7szpiU,2025-11-30T19:00:00.000Z
,17,manual,manual,,1764514800000,QKineEGIz6J2gFCQuTwzs8hu7mXuxn$0$manual$manual$0,aWqxaZ7I9o3MuLPu9m7QSp3jx3kfj4,2025-11-30T15:00:00.000Z
,16,manual,manual,,1764500400000,QKineEGIz6J2gFCQuTwzs8hu7mXuxn$0$manual$manual$0,oYF5yCwPTRZNtUSFcgzamog85miMLV,2025-11-30T11:00:00.000Z
,17,manual,manual,,1764435600000,QKineEGIz6J2gFCQuTwzs8hu7mXuxn$0$manual$manual$0,pjUK5PN3k26zqpSZclI0GpKGmuwMZB,2025-11-29T17:00:00.000Z
,17,manual,manual,,1764414000000,QKineEGIz6J2gFCQuTwzs8hu7mXuxn$0$manual$manual$0,6Nqh8AjoKbe02t65h6lkF2IPGpZluC,2025-11-29T11:00:00.000Z
,16,manual,manual,,1764181800000,QKineEGIz6J2gFCQuTwzs8hu7mXuxn$0$manual$manual$0,EleZpTwQLOTCr5bZycF3kcsrXdozlt,2025-11-26T18:30:00.000Z
,17,manual,manual,,1764140400000,QKineEGIz6J2gFCQuTwzs8hu7mXuxn$0$manual$manual$0,8hRq4HhgXuMtDiLyzc3dCw6ByvMsaP,2025-11-26T07:00:00.000Z
,16,manual,manual,,1764093600000,QKineEGIz6J2gFCQuTwzs8hu7mXuxn$0$manual$manual$0,ZRDi1LBj8NGRfLvuyY8cw7saq7KCSp,2025-11-25T18:00:00.000Z
,15.9,manual,manual,,1764054000000,QKineEGIz6J2gFCQuTwzs8hu7mXuxn$0$manual$manual$0,EIoQEFM51MZZiO58cMpD00YDD9GCHg,2025-11-25T07:00:00.000Z
,16.3,manual,manual,,1763699400000,QKineEGIz6J2gFCQuTwzs8hu7mXuxn$0$manual$manual$0,ONinsUbCDzKXo6aoXfaVvFE0aRu4D4,2025-11-21T04:30:00.000Z
,17,manual,manual,,1763661600000,QKineEGIz6J2gFCQuTwzs8hu7mXuxn$0$manual$manual$0,emxwoeDCEdLtfH9XSjwCSDiBaLM3R8,2025-11-20T18:00:00.000Z
,16.4,manual,manual,,1763621100000,QKineEGIz6J2gFCQuTwzs8hu7mXuxn$0$manual$manual$0,ZbH7zWJejp7TltmW4Def2vRxz0O1j8,2025-11-20T06:45:00.000Z
,16.1,manual,manual,,1763587800000,QKineEGIz6J2gFCQuTwzs8hu7mXuxn$0$manual$manual$0,PRIHIZOAFV3o3aLQCLcdXQKnDTKxAg,2025-11-19T21:30:00.000Z
,16.7,manual,manual,,1763575200000,QKineEGIz6J2gFCQuTwzs8hu7mXuxn$0$manual$manual$0,6KDOLR6Vy8XF8I1qJYCyvRrpZ5emF4,2025-11-19T18:00:00.000Z
,16,manual,manual,,1763533800000,QKineEGIz6J2gFCQuTwzs8hu7mXuxn$0$manual$manual$0,l5g9mD5Gu2qhysXVqJudVh4hrIfiJF,2025-11-19T06:30:00.000Z
,16.9,manual,manual,,1763492400000,QKineEGIz6J2gFCQuTwzs8hu7mXuxn$0$manual$manual$0,nxWZCN5WTdSB2SHO0OvOYOpXD5wcBP,2025-11-18T19:00:00.000Z
,15.9,manual,manual,,1763447400000,QKineEGIz6J2gFCQuTwzs8hu7mXuxn$0$manual$manual$0,IZcec4xe8Ju9AOiLRJNfWsGZOWGpe5,2025-11-18T06:30:00.000Z
,15.9,manual,manual,,1763400600000,QKineEGIz6J2gFCQuTwzs8hu7mXuxn$0$manual$manual$0,PFdYphW3tfn2DDxq3eX1S2UZUScdyj,2025-11-17T17:30:00.000Z
,17,manual,manual,,1763361000000,QKineEGIz6J2gFCQuTwzs8hu7mXuxn$0$manual$manual$0,q73Fjr8fAhtdzXsC1Mth8wV1K7yf8j,2025-11-17T06:30:00.000Z
,17,manual,manual,,1763332200000,QKineEGIz6J2gFCQuTwzs8hu7mXuxn$0$manual$manual$0,YJmZIrDK8jev2aMxOC2xRNjNvvLWjU,2025-11-16T22:30:00.000Z
,16,manual,manual,,1763317800000,QKineEGIz6J2gFCQuTwzs8hu7mXuxn$0$manual$manual$0,wbRzvEXPsChf6K7PK81pxywAd7QYIq,2025-11-16T18:30:00.000Z
,16.9,manual,manual,,1763303400000,QKineEGIz6J2gFCQuTwzs8hu7mXuxn$0$manual$manual$0,Htgmpvscrmvn12vmjGYaZCg8bcNJh4,2025-11-16T14:30:00.000Z
,16,manual,manual,,1763292600000,QKineEGIz6J2gFCQuTwzs8hu7mXuxn$0$manual$manual$0,ETouDa4hdlUWnvfyJF9Q4DRvpsUYGB,2025-11-16T11:30:00.000Z
,16.4,manual,manual,,1763240400000,QKineEGIz6J2gFCQuTwzs8hu7mXuxn$0$manual$manual$0,YhDkekRXLLsAlqjGV2F8F0kQTCrjyp,2025-11-15T21:00:00.000Z
,16.3,manual,manual,,1763226000000,QKineEGIz6J2gFCQuTwzs8hu7mXuxn$0$manual$manual$0,d62tg13TBNddGyMETPrZ10CvoK8Q0q,2025-11-15T17:00:00.000Z
,17.1,manual,manual,,1763211600000,QKineEGIz6J2gFCQuTwzs8hu7mXuxn$0$manual$manual$0,NOUpAU7bk4ILY32SsnieijSxlhIjzX,2025-11-15T13:00:00.000Z
,17,manual,manual,,1763157600000,QKineEGIz6J2gFCQuTwzs8hu7mXuxn$0$manual$manual$0,ro9c35kDss86V90VCwFtARsJDxFhna,2025-11-14T22:00:00.000Z
,16,manual,manual,,1763143200000,QKineEGIz6J2gFCQuTwzs8hu7mXuxn$0$manual$manual$0,WSz1xQ7SX1WG80fAInt9wOU6Ei4Sws,2025-11-14T18:00:00.000Z
,16.5,manual,manual,,1763103600000,QKineEGIz6J2gFCQuTwzs8hu7mXuxn$0$manual$manual$0,b5WTzpfqBQCMWlT9KlLLqSk8GrBNpx,2025-11-14T07:00:00.000Z
,16.3,manual,manual,,1763071200000,QKineEGIz6J2gFCQuTwzs8hu7mXuxn$0$manual$manual$0,oS4Ru004yOXjhR00ZrkaWOIpU5ltHu,2025-11-13T22:00:00.000Z
,17.1,manual,manual,,1763056800000,QKineEGIz6J2gFCQuTwzs8hu7mXuxn$0$manual$manual$0,Ol2ZKvOqWvuOhHpbLfEa4dOhkpCnDm,2025-11-13T18:00:00.000Z
,16.8,manual,manual,,1763017200000,QKineEGIz6J2gFCQuTwzs8hu7mXuxn$0$manual$manual$0,ZdG6ZyGUA0CuaVakKHILFoJi96ZEYR,2025-11-13T07:00:00.000Z
,16,manual,manual,,1762984800000,QKineEGIz6J2gFCQuTwzs8hu7mXuxn$0$manual$manual$0,AeHtdD5zE8vOTIkl4yHyQj8rDX2JEs,2025-11-12T22:00:00.000Z
,17,manual,manual,,1762966800000,QKineEGIz6J2gFCQuTwzs8hu7mXuxn$0$manual$manual$0,VelaIfE87g52svgBoFlE6qxCylbvk2,2025-11-12T17:00:00.000Z
,16.9,manual,manual,,1762930815172,QKineEGIz6J2gFCQuTwzs8hu7mXuxn$0$manual$manual$0,leVq4yIKvPCWJwtR8RokUe3Qc3VMf2,2025-11-12T07:00:15.172Z
,16.6,manual,manual,,1762894800000,QKineEGIz6J2gFCQuTwzs8hu7mXuxn$0$manual$manual$0,PinNFh2Kb88KiRVRIPhqVoJnOxItWP,2025-11-11T21:00:00.000Z
,16.3,manual,manual,,1762880400000,QKineEGIz6J2gFCQuTwzs8hu7mXuxn$0$manual$manual$0,p7QWV0M6IeUjqSJ18abgjggWYMpNQM,2025-11-11T17:00:00.000Z
,16.6,manual,manual,,1762844400000,QKineEGIz6J2gFCQuTwzs8hu7mXuxn$0$manual$manual$0,2KNQblwy7IjCHMyFw5d2uKKtZHbQdH,2025-11-11T07:00:00.000Z
,17,manual,manual,,1762804800000,QKineEGIz6J2gFCQuTwzs8hu7mXuxn$0$manual$manual$0,UBVC3D4UGlq8Nn9ys42ZfKd9r11JOu,2025-11-10T20:00:00.000Z
,16.5,manual,manual,,1762794000000,QKineEGIz6J2gFCQuTwzs8hu7mXuxn$0$manual$manual$0,e5T06sPXHcFQnaiSbMsULGDv3fiY9W,2025-11-10T17:00:00.000Z
,16,manual,manual,,1762757100000,QKineEGIz6J2gFCQuTwzs8hu7mXuxn$0$manual$manual$0,9bbZCL70eO6eWlNADJs2AB47L43sGX,2025-11-10T06:45:00.000Z
,16,manual,manual,,1762722000000,QKineEGIz6J2gFCQuTwzs8hu7mXuxn$0$manual$manual$0,bf9PmPZaY2Pa4QSfllRJO3nWXEFJOt,2025-11-09T21:00:00.000Z
,17,manual,manual,,1762707600000,QKineEGIz6J2gFCQuTwzs8hu7mXuxn$0$manual$manual$0,h8qrNsuWMPkK0wh5YZAfKeu32uyo7A,2025-11-09T17:00:00.000Z
,16.7,manual,manual,,1762675200000,QKineEGIz6J2gFCQuTwzs8hu7mXuxn$0$manual$manual$0,6PEChOJC0jSapr8PnobdjiSJnUCza1,2025-11-09T08:00:00.000Z
,17,manual,manual,,1762628400000,QKineEGIz6J2gFCQuTwzs8hu7mXuxn$0$manual$manual$0,Cd5I6pAtHrYi0MyrPyT7NuhZyKc3B4,2025-11-08T19:00:00.000Z
,16.5,manual,manual,,1762585200000,QKineEGIz6J2gFCQuTwzs8hu7mXuxn$0$manual$manual$0,SigluBYC1If30iqkDvTbx4DQpUxJP8,2025-11-08T07:00:00.000Z
,16,manual,manual,,1762543800000,QKineEGIz6J2gFCQuTwzs8hu7mXuxn$0$manual$manual$0,cZufzPDhtAVUl3AI2jBWwCtN6ciEiy,2025-11-07T19:30:00.000Z
,16.7,manual,manual,,1762531200000,QKineEGIz6J2gFCQuTwzs8hu7mXuxn$0$manual$manual$0,QhNkyktOcHpmz3NyXDbtCNdHHjBmAi,2025-11-07T16:00:00.000Z
,17.1,manual,manual,,1762516800000,QKineEGIz6J2gFCQuTwzs8hu7mXuxn$0$manual$manual$0,QKOGIzVF9XpQ7TxqsJaEeAchPB6p02,2025-11-07T12:00:00.000Z
,16.5,manual,manual,,1762498800000,QKineEGIz6J2gFCQuTwzs8hu7mXuxn$0$manual$manual$0,8xiQV8uoTS0Nu4pMMtxeqdZfTdtCnJ,2025-11-07T07:00:00.000Z
,16.6,manual,manual,,1762464600000,QKineEGIz6J2gFCQuTwzs8hu7mXuxn$0$manual$manual$0,ehmI5LlxchGwisFZZp2OdaB9yqZHoM,2025-11-06T21:30:00.000Z
,17,manual,manual,,1762450200000,QKineEGIz6J2gFCQuTwzs8hu7mXuxn$0$manual$manual$0,A8Enlh1xBtfh6RPtQCO92tYQHjVQDF,2025-11-06T17:30:00.000Z
,17,manual,manual,,1762412400000,QKineEGIz6J2gFCQuTwzs8hu7mXuxn$0$manual$manual$0,DiDqzRXXTIB0drkS24fmKhVYsciVTH,2025-11-06T07:00:00.000Z
,17.2,manual,manual,,1762381800000,QKineEGIz6J2gFCQuTwzs8hu7mXuxn$0$manual$manual$0,422pDhVIv6HhwLBoEmm7ZfVPHdgXuG,2025-11-05T22:30:00.000Z
,16,manual,manual,,1762365600000,QKineEGIz6J2gFCQuTwzs8hu7mXuxn$0$manual$manual$0,vMoe0CiHvjOzmkUr4wZeWCVhj8D9cQ,2025-11-05T18:00:00.000Z
,16,manual,manual,,1762324200000,QKineEGIz6J2gFCQuTwzs8hu7mXuxn$0$manual$manual$0,CJKj9CHBFkoSj2YisBObf5LqSwpoNE,2025-11-05T06:30:00.000Z
,16.8,manual,manual,,1762290000000,QKineEGIz6J2gFCQuTwzs8hu7mXuxn$0$manual$manual$0,LF2ymS7IA7vIrrqJnH6cHE9US29tSv,2025-11-04T21:00:00.000Z
,16.3,manual,manual,,1762275600000,QKineEGIz6J2gFCQuTwzs8hu7mXuxn$0$manual$manual$0,ns3zVbG4Na7VPwIZVBlnd9j9YWi3g0,2025-11-04T17:00:00.000Z
,15.9,manual,manual,,1762237800000,QKineEGIz6J2gFCQuTwzs8hu7mXuxn$0$manual$manual$0,YmkCZi72f83WxmMSTmDiSVPhmIPLTy,2025-11-04T06:30:00.000Z
,16.3,manual,manual,,1762196400000,QKineEGIz6J2gFCQuTwzs8hu7mXuxn$0$manual$manual$0,MUkaqgqCewZxfD0WEQxeI2y9cHOQck,2025-11-03T19:00:00.000Z
,17,manual,manual,,1761332400000,QKineEGIz6J2gFCQuTwzs8hu7mXuxn$0$manual$manual$0,C4fAKtLr2JVoR4t7VWNCfHviH2toOK,2025-10-24T19:00:00.000Z
,16.2,manual,manual,,1761321600000,QKineEGIz6J2gFCQuTwzs8hu7mXuxn$0$manual$manual$0,IhNkc2ssi5TMAhX8ojRuR8m2ieBPm7,2025-10-24T16:00:00.000Z
,16.4,manual,manual,,1761310800000,QKineEGIz6J2gFCQuTwzs8hu7mXuxn$0$manual$manual$0,QzXIWqxUuZm1B2GpwrY843Hzs6mznj,2025-10-24T13:00:00.000Z
,16.3,manual,manual,,1761285600000,QKineEGIz6J2gFCQuTwzs8hu7mXuxn$0$manual$manual$0,ixewFtkzSjPVEkIBb5Sngq5zTOqtMr,2025-10-24T06:00:00.000Z
,16,manual,manual,,1761242400000,QKineEGIz6J2gFCQuTwzs8hu7mXuxn$0$manual$manual$0,crg1x5j4JZiwvatBSujjixkcQJPsx1,2025-10-23T18:00:00.000Z
,16.6,manual,manual,,1761228000000,QKineEGIz6J2gFCQuTwzs8hu7mXuxn$0$manual$manual$0,7RvZrCDgPvserjMtwkLKlmj21fEFYp,2025-10-23T14:00:00.000Z
,17.1,manual,manual,,1761213600000,QKineEGIz6J2gFCQuTwzs8hu7mXuxn$0$manual$manual$0,dhi172VI5gEokziesOJTlufHscdtZl,2025-10-23T10:00:00.000Z
,16.6,manual,manual,,1761199200000,QKineEGIz6J2gFCQuTwzs8hu7mXuxn$0$manual$manual$0,DKBuLiP3RUuTTzd3KbSQEwf1WxLlpT,2025-10-23T06:00:00.000Z
,17.2,manual,manual,,1761163200000,QKineEGIz6J2gFCQuTwzs8hu7mXuxn$0$manual$manual$0,IDgTUuXdiREUjowBgq5wwrl1J6xxq8,2025-10-22T20:00:00.000Z
,16,manual,manual,,1761148800000,QKineEGIz6J2gFCQuTwzs8hu7mXuxn$0$manual$manual$0,PgSXdG230QuGe76uZN7zvH02IYqdIQ,2025-10-22T16:00:00.000Z
,17.2,manual,manual,,1761112800000,QKineEGIz6J2gFCQuTwzs8hu7mXuxn$0$manual$manual$0,wX67crGZoV0ePtA5wV1ph1W6cTwd9n,2025-10-22T06:00:00.000Z
,16.9,manual,manual,,1761076800000,QKineEGIz6J2gFCQuTwzs8hu7mXuxn$0$manual$manual$0,vFJzVomreQRMynrAAa6ZxcebnXZvaf,2025-10-21T20:00:00.000Z
,17.1,manual,manual,,1761066000000,QKineEGIz6J2gFCQuTwzs8hu7mXuxn$0$manual$manual$0,3olaWPR62garqswNXtkcuQCl3ZIxZU,2025-10-21T17:00:00.000Z
,16.5,manual,manual,,1761026400000,QKineEGIz6J2gFCQuTwzs8hu7mXuxn$0$manual$manual$0,IjuhlT53AO5KMcb6VKweJEdO1Sf08e,2025-10-21T06:00:00.000Z
,16.1,manual,manual,,1760983200000,QKineEGIz6J2gFCQuTwzs8hu7mXuxn$0$manual$manual$0,MLk9XoXJJ4d6HSVQANXh3NH2pDE9pr,2025-10-20T18:00:00.000Z
,16.3,manual,manual,,1760972400000,QKineEGIz6J2gFCQuTwzs8hu7mXuxn$0$manual$manual$0,E3XsDZZfknAdy0mczRcIUHF9IDcnOG,2025-10-20T15:00:00.000Z
,16.4,manual,manual,,1760936400000,QKineEGIz6J2gFCQuTwzs8hu7mXuxn$0$manual$manual$0,IkWP893yNwNB3gicNUG1WYg35YwK9S,2025-10-20T05:00:00.000Z
,17.1,manual,manual,,1760904000000,QKineEGIz6J2gFCQuTwzs8hu7mXuxn$0$manual$manual$0,uNKWPnvi01LCSg7DfWT7v1XXp8cppo,2025-10-19T20:00:00.000Z
,16.3,manual,manual,,1760886000000,QKineEGIz6J2gFCQuTwzs8hu7mXuxn$0$manual$manual$0,olK8rRBGOsvCjACMmuaMvn2M6xK4i8,2025-10-19T15:00:00.000Z
1.011,17.7,manual,manual,,1760871433593,QKineEGIz6J2gFCQuTwzs8hu7mXuxn$0$manual$manual$0,iFL6lypRx8QQWO6VTliD9SdDIWP6DO,2025-10-19T10:57:13.593Z,4.21,0.145038
,20.9,manual,manual,,1760868000000,QKineEGIz6J2gFCQuTwzs8hu7mXuxn$0$manual$manual$0,Via3LQ6C6PZgD0I2qPVBHWbNqhVCju,2025-10-19T10:00:00.000Z,,0.145038
,19.9,manual,manual,,1760857200000,QKineEGIz6J2gFCQuTwzs8hu7mXuxn$0$manual$manual$0,y3DzoSLUdGakNg5gmD0rxLW2TYjZQY,2025-10-19T07:00:00.000Z,,0.145038
,20.9,manual,manual,,1760810400000,QKineEGIz6J2gFCQuTwzs8hu7mXuxn$0$manual$manual$0,B3427BMkJAHLcvyj88CXbklBK5h8Nb,2025-10-18T18:00:00.000Z,,0.145038
,20,manual,manual,,1760799600000,QKineEGIz6J2gFCQuTwzs8hu7mXuxn$0$manual$manual$0,HPzkBjdB83QlatcahmiUktwYbbUESW,2025-10-18T15:00:00.000Z,,0.145038
,20.6,manual,manual,,1760787000000,QKineEGIz6J2gFCQuTwzs8hu7mXuxn$0$manual$manual$0,OiV14in6GcBdfBX32pKG4LqqUhftwN,2025-10-18T11:30:00.000Z,,0.145038
,20.8,manual,manual,,1760767200000,QKineEGIz6J2gFCQuTwzs8hu7mXuxn$0$manual$manual$0,4k3BunaB3gfD3QuQf5NzitiXQ9YpNZ,2025-10-18T06:00:00.000Z,,0.145038
,20.1,manual,manual,,1760736600000,QKineEGIz6J2gFCQuTwzs8hu7mXuxn$0$manual$manual$0,6CI3LTrGz2gnfD4O0FRSc3KxDR1njQ,2025-10-17T21:30:00.000Z,,0.145038
,21,manual,manual,,1760725800000,QKineEGIz6J2gFCQuTwzs8hu7mXuxn$0$manual$manual$0,fwoKzWCyg8L18Cc5s6fuGmSXYVoB47,2025-10-17T18:30:00.000Z,,0.145038
,20.2,manual,manual,,1760715000000,QKineEGIz6J2gFCQuTwzs8hu7mXuxn$0$manual$manual$0,3h7a96VTKmKsc6ZcAkII5tVFLR0vXO,2025-10-17T15:30:00.000Z,,0.145038
,20.8,manual,manual,,1760680800000,QKineEGIz6J2gFCQuTwzs8hu7mXuxn$0$manual$manual$0,qHtWprqSSaiEfHkYZhjMIKUb7qxbgu,2025-10-17T06:00:00.000Z,,0.145038
,20.6,manual,manual,,1760644800000,QKineEGIz6J2gFCQuTwzs8hu7mXuxn$0$manual$manual$0,c5WHEDCBUqkKzkngnnQbWTddCJC7jb,2025-10-16T20:00:00.000Z,,0.145038
,20.1,manual,manual,,1760637600000,QKineEGIz6J2gFCQuTwzs8hu7mXuxn$0$manual$manual$0,r9nT6QcRXXUgSepTTVvceaOQGfQuql,2025-10-16T18:00:00.000Z,,0.145038
,20.3,manual,manual,,1760628600000,QKineEGIz6J2gFCQuTwzs8hu7mXuxn$0$manual$manual$0,ypjnWPmrxvNGFBXijNPrVtMxJigi9y,2025-10-16T15:30:00.000Z,,0.145038
,16.2,manual,manual,,1760593500000,QKineEGIz6J2gFCQuTwzs8hu7mXuxn$0$manual$manual$0,wI09qJJJQwhr7ksC9LrRWGAB9TnBYJ,2025-10-16T05:45:00.000Z,,0.145038
,16.5,manual,manual,,1760558400000,QKineEGIz6J2gFCQuTwzs8hu7mXuxn$0$manual$manual$0,RvsAs8V3ivfE9kW3kn5TaeApMvYuqx,2025-10-15T20:00:00.000Z,,0.145038
,16.9,manual,manual,,1760547600000,QKineEGIz6J2gFCQuTwzs8hu7mXuxn$0$manual$manual$0,Vdb3jw0mQQwtmIJeIRPFRngI0DLrro,2025-10-15T17:00:00.000Z,,0.145038
,16.1,manual,manual,,1760504400000,QKineEGIz6J2gFCQuTwzs8hu7mXuxn$0$manual$manual$0,xZqvFSKnWYn3GG64q7wSsWgxuZqKOZ,2025-10-15T05:00:00.000Z,,0.145038
,16.1,manual,manual,,1760472000000,QKineEGIz6J2gFCQuTwzs8hu7mXuxn$0$manual$manual$0,oeG7ziFqcqW4il2BbEhUwOx3EnsM1P,2025-10-14T20:00:00.000Z,,0.145038
,16.1,manual,manual,,1760457600000,QKineEGIz6J2gFCQuTwzs8hu7mXuxn$0$manual$manual$0,VzIjQ4Jq9qFXxMNc2d9rtff0hJGmMK,2025-10-14T16:00:00.000Z,,0.145038
,16.2,manual,manual,,1760419800000,QKineEGIz6J2gFCQuTwzs8hu7mXuxn$0$manual$manual$0,2XAD4N8LnBVFuuJIlfssxtl03Ephvc,2025-10-14T05:30:00.000Z,,0.145038
,16.3,manual,manual,,1760385600000,QKineEGIz6J2gFCQuTwzs8hu7mXuxn$0$manual$manual$0,j2HuhuzJx3BLKngP59B4rIOAaOVsD0,2025-10-13T20:00:00.000Z,,0.145038
,16.4,manual,manual,,1760373900000,QKineEGIz6J2gFCQuTwzs8hu7mXuxn$0$manual$manual$0,DUaVzNE59krcVZSwQRbV6aodeKGfIk,2025-10-13T16:45:00.000Z,,0.145038
,17,manual,manual,,1760335200000,QKineEGIz6J2gFCQuTwzs8hu7mXuxn$0$manual$manual$0,OlIuoxJDxSloQ3em7Z04XARKvx56CC,2025-10-13T06:00:00.000Z,,0.145038
,16.3,manual,manual,,1760292000000,QKineEGIz6J2gFCQuTwzs8hu7mXuxn$0$manual$manual$0,HzLBmqiQ7Rsn8mQAI7qNAplaTSWE7k,2025-10-12T18:00:00.000Z,,0.145038
,16.3,manual,manual,,1760276700000,QKineEGIz6J2gFCQuTwzs8hu7mXuxn$0$manual$manual$0,piVdQG70qevg693wuFC3L87ztMFulY,2025-10-12T13:45:00.000Z,,0.145038
,16.6,manual,manual,,1760263200000,QKineEGIz6J2gFCQuTwzs8hu7mXuxn$0$manual$manual$0,N2GIuclnkJryHwuDn5aih4916LQMvS,2025-10-12T10:00:00.000Z,,0.145038
,16.9,manual,manual,,1760254200000,QKineEGIz6J2gFCQuTwzs8hu7mXuxn$0$manual$manual$0,s9iKl0FZFtSDsB3K4vq6c8eyoBdTAS,2025-10-12T07:30:00.000Z,,0.145038
,16.6,manual,manual,,1760205600000,QKineEGIz6J2gFCQuTwzs8hu7mXuxn$0$manual$manual$0,YVSRkYitGtTiUpTKVNWlKRQKPKMl7Q,2025-10-11T18:00:00.000Z,,0.145038
,16.7,manual,manual,,1760194800000,QKineEGIz6J2gFCQuTwzs8hu7mXuxn$0$manual$manual$0,oco1AdXyLBefLY4Xqe8AQEFcK0dHqp,2025-10-11T15:00:00.000Z,,0.145038
,16.2,manual,manual,,1760162435781,QKineEGIz6J2gFCQuTwzs8hu7mXuxn$0$manual$manual$0,M615Ib1OurfH7ktwuoyLbIq0ymiNUJ,2025-10-11T06:00:35.781Z,,0.145038
,16.6,manual,manual,,1760126400000,QKineEGIz6J2gFCQuTwzs8hu7mXuxn$0$manual$manual$0,mstiRKljxlfX8U45OxZeVe37cAAWY5,2025-10-10T20:00:00.000Z,,0.145038
,16.7,manual,manual,,1760112000000,QKineEGIz6J2gFCQuTwzs8hu7mXuxn$0$manual$manual$0,L9tcy0sDetQfKGRAN1LSLPvU5b1bTS,2025-10-10T16:00:00.000Z,,0.145038
,16.6,manual,manual,,1760075100000,QKineEGIz6J2gFCQuTwzs8hu7mXuxn$0$manual$manual$0,DtegPJaIYAV9gBLS9ldyIMxqavoABr,2025-10-10T05:45:00.000Z,,0.145038
,16.4,manual,manual,,1760040000000,QKineEGIz6J2gFCQuTwzs8hu7mXuxn$0$manual$manual$0,RS9UqDdTgR3MgCrBIYDVSI2gaTaQEf,2025-10-09T20:00:00.000Z,,0.145038
,16.7,manual,manual,,1760023800000,QKineEGIz6J2gFCQuTwzs8hu7mXuxn$0$manual$manual$0,H0Ga0qMUaqAMJthuYtLsZYXoyUbbsO,2025-10-09T15:30:00.000Z,,0.145038
,16.7,manual,manual,,1759986900000,QKineEGIz6J2gFCQuTwzs8hu7mXuxn$0$manual$manual$0,uyoHTHwxM3su7TGZcB9ggzMLuC7Kh8,2025-10-09T05:15:00.000Z,,0.145038
,17.4,manual,manual,,1759953600000,QKineEGIz6J2gFCQuTwzs8hu7mXuxn$0$manual$manual$0,TGuMCuxw3MxWonwr3ErGcrW05ZnvWy,2025-10-08T20:00:00.000Z,,0.145038
,17.5,manual,manual,,1759944600000,QKineEGIz6J2gFCQuTwzs8hu7mXuxn$0$manual$manual$0,TeFB1176Fy8eou8Uys2tYcNN0patPH,2025-10-08T17:30:00.000Z,,0.145038
,17.9,manual,manual,,1759901400000,QKineEGIz6J2gFCQuTwzs8hu7mXuxn$0$manual$manual$0,78oQiy30HClyeB1XLepgYrxE5MQ7JT,2025-10-08T05:30:00.000Z,,0.145038
,17.8,manual,manual,,1759867200000,QKineEGIz6J2gFCQuTwzs8hu7mXuxn$0$manual$manual$0,hT6GDwHFsoiqKfTNc12xmFJIXhF1Hy,2025-10-07T20:00:00.000Z,,0.145038
,17.4,manual,manual,,1759851900000,QKineEGIz6J2gFCQuTwzs8hu7mXuxn$0$manual$manual$0,c1KVUt1effI5KRsX3EJVAdFFBTEXlz,2025-10-07T15:45:00.000Z,,0.145038
,17.4,manual,manual,,1759815000000,QKineEGIz6J2gFCQuTwzs8hu7mXuxn$0$manual$manual$0,LlHz1bUgz1vgghtlEvUkZiTrTIRHnH,2025-10-07T05:30:00.000Z,,0.145038
,17.3,manual,manual,,1759773600000,QKineEGIz6J2gFCQuTwzs8hu7mXuxn$0$manual$manual$0,mMQLwLReZBHy3zcgWjaR236H1x61Yv,2025-10-06T18:00:00.000Z,,0.145038
,16.8,manual,manual,,1759764600000,QKineEGIz6J2gFCQuTwzs8hu7mXuxn$0$manual$manual$0,HYaRtbjW3lqKx1Uqc39hm8uJYDdDM2,2025-10-06T15:30:00.000Z,,0.145038
1.042,16.4,manual,manual,,1759730400000,QKineEGIz6J2gFCQuTwzs8hu7mXuxn$0$manual$manual$0,pGsNPPVoSYEKvQE3IBJek7hufezUWN,2025-10-06T06:00:00.000Z,5.32,0.145038