temp,comment,time,id,sg,type,__acc_reading_doc_id,__acc_reading_data_id,timepoint,ph,pressure
19.7,,1777185000000,manual,,manual,HRWLs0YR1sMJ1y5dNqjz9xt05wuHwM$0$manual$manual$0,yXVKdQnUFJMAVg9nq0PQZq5aMKBhJy,2026-04-26T06:30:00.000Z
19.5,,1777140000000,manual,,manual,HRWLs0YR1sMJ1y5dNqjz9xt05wuHwM$0$manual$manual$0,liStolFGJf30DrQjmMZYfaaOh4MQlS,2026-04-25T18:00:00.000Z
20,,1777125600000,manual,,manual,HRWLs0YR1sMJ1y5dNqjz9xt05wuHwM$0$manual$manual$0,gBFQzDC7z5hAaU2wzaq4QLs7eUec28,2026-04-25T14:00:00.000Z
19.2,,1777111200000,manual,,manual,HRWLs0YR1sMJ1y5dNqjz9xt05wuHwM$0$manual$manual$0,7UODmRiGKT0Jkza4WYyBvWshDZr2ko,2026-04-25T10:00:00.000Z
19.4,,1777096800000,manual,,manual,HRWLs0YR1sMJ1y5dNqjz9xt05wuHwM$0$manual$manual$0,MbGAAxOjGpOIOmO1h3uWncWE733pXv,2026-04-25T06:00:00.000Z
19.9,,1777053600000,manual,,manual,HRWLs0YR1sMJ1y5dNqjz9xt05wuHwM$0$manual$manual$0,BxTEtshAHwSmpj3BddFv4ssJmn7S6Q,2026-04-24T18:00:00.000Z
19.4,,1777042800000,manual,,manual,HRWLs0YR1sMJ1y5dNqjz9xt05wuHwM$0$manual$manual$0,DNUKyfvZW9tgY1WZi5zbqVAJE9jrGI,2026-04-24T15:00:00.000Z
20,,1777024800000,manual,,manual,HRWLs0YR1sMJ1y5dNqjz9xt05wuHwM$0$manual$manual$0,1wJ8mR2dKUGIEMoxn9WkQevEGa8sVw,2026-04-24T10:00:00.000Z
20,,1777008600000,manual,,manual,HRWLs0YR1sMJ1y5dNqjz9xt05wuHwM$0$manual$manual$0,VR0mBr66EQ7TLofcQLHRrMKVeY4tlh,2026-04-24T05:30:00.000Z
20,,1776970800000,manual,,manual,HRWLs0YR1sMJ1y5dNqjz9xt05wuHwM$0$manual$manual$0,an5t912E9MD2c2gi8LXkhxQE92vjGC,2026-04-23T19:00:00.000Z
20,,1776960000000,manual,,manual,HRWLs0YR1sMJ1y5dNqjz9xt05wuHwM$0$manual$manual$0,9NWpGBO2i8h1pQ5PELvK2ZGXg3fSjZ,2026-04-23T16:00:00.000Z
20,,1776922200000,manual,,manual,HRWLs0YR1sMJ1y5dNqjz9xt05wuHwM$0$manual$manual$0,kxz2oBQCYMqfX9TI3rpHQNGQcs1Vg1,2026-04-23T05:30:00.000Z
20,,1776880800000,manual,,manual,HRWLs0YR1sMJ1y5dNqjz9xt05wuHwM$0$manual$manual$0,duhPxUIRVtMgMTpUg60ejWpl2auKsY,2026-04-22T18:00:00.000Z
19.3,,1776871800000,manual,,manual,HRWLs0YR1sMJ1y5dNqjz9xt05wuHwM$0$manual$manual$0,Ux6cNb6bFYQaiJGWFjN6x5NnSm3xDf,2026-04-22T15:30:00.000Z
19.7,,1776832200000,manual,,manual,HRWLs0YR1sMJ1y5dNqjz9xt05wuHwM$0$manual$manual$0,o6X452A4uMdXP7nDojCBDjfUB1Bfsf,2026-04-22T04:30:00.000Z
17.6,,1776801600000,manual,,manual,HRWLs0YR1sMJ1y5dNqjz9xt05wuHwM$0$manual$manual$0,kMxyruPHDTTzftv9XgmTXxSoDhv9dM,2026-04-21T20:00:00.000Z
17.2,,1776793776748,manual,1.005,manual,HRWLs0YR1sMJ1y5dNqjz9xt05wuHwM$0$manual$manual$0,rlGQ1CBrhPqo9ymg3qHau4ero5bTkY,2026-04-21T17:49:36.748Z,4.13,0.145038
20,no bubbles.,1776749400000,manual,,manual,HRWLs0YR1sMJ1y5dNqjz9xt05wuHwM$0$manual$manual$0,60G8YaRTlIkMblpTClOTcbex0b5HQn,2026-04-21T05:30:00.000Z,,652.66982
19.7,no bubbles,1776715200000,manual,,manual,HRWLs0YR1sMJ1y5dNqjz9xt05wuHwM$0$manual$manual$0,dDZzf7erwfTQLcu7KJEcFXI7Dv7AIb,2026-04-20T20:00:00.000Z,,696.181141
19.1,no bubbles.,1776704400000,manual,,manual,HRWLs0YR1sMJ1y5dNqjz9xt05wuHwM$0$manual$manual$0,x7a7oCVw6DOMSS44EalPBEFK8hEKux,2026-04-20T17:00:00.000Z,,652.66982
19.5,no bubbles.,1776663900000,manual,,manual,HRWLs0YR1sMJ1y5dNqjz9xt05wuHwM$0$manual$manual$0,mRpNkyL6YBdtJvQ7L88a4lFDXlSxWR,2026-04-20T05:45:00.000Z,,652.66982
19.2,no bubbles.,1776621600000,manual,,manual,HRWLs0YR1sMJ1y5dNqjz9xt05wuHwM$0$manual$manual$0,XpNAbDZLHq49uA2LuoUQpBoU0jVWcR,2026-04-19T18:00:00.000Z,,652.66982
19.3,no bubbles.,1776607200000,manual,,manual,HRWLs0YR1sMJ1y5dNqjz9xt05wuHwM$0$manual$manual$0,fyNnqwtSq0z3oDyIt04PdtIAhAVhPB,2026-04-19T14:00:00.000Z,,696.181141
19.7,no bubbles.,1776592800000,manual,,manual,HRWLs0YR1sMJ1y5dNqjz9xt05wuHwM$0$manual$manual$0,w01oNJ3WvITqsFYawh3Xl5Q5tBZCqQ,2026-04-19T10:00:00.000Z,,696.181141
19.1,no bubbles.,1776578400000,manual,,manual,HRWLs0YR1sMJ1y5dNqjz9xt05wuHwM$0$manual$manual$0,etBgyXwqpZsvfXTZ2f1nBrbPw9MFpG,2026-04-19T06:00:00.000Z,,652.66982
19.5,no bubbles.,1776538800000,manual,,manual,HRWLs0YR1sMJ1y5dNqjz9xt05wuHwM$0$manual$manual$0,Rf233NCj9otZnVAjS7G3RHNsjsFsZk,2026-04-18T19:00:00.000Z,,652.66982
19,no bubbles.,1776524400000,manual,,manual,HRWLs0YR1sMJ1y5dNqjz9xt05wuHwM$0$manual$manual$0,fxCzJiSfmKR2gqiFycZsBiyUS3cygN,2026-04-18T15:00:00.000Z,,652.66982
19.2,no bubbles.,1776492000000,manual,,manual,HRWLs0YR1sMJ1y5dNqjz9xt05wuHwM$0$manual$manual$0,hplDGYP466OYOuuweinF4CE4oHlZFl,2026-04-18T06:00:00.000Z,,652.66982
19.1,no bubbles.,1776448800000,manual,,manual,HRWLs0YR1sMJ1y5dNqjz9xt05wuHwM$0$manual$manual$0,ukFqwzFWFrMEMp7rHVQHYZruGSwoPB,2026-04-17T18:00:00.000Z,,652.66982
19.2,no bubbles.,1776434400000,manual,,manual,HRWLs0YR1sMJ1y5dNqjz9xt05wuHwM$0$manual$manual$0,c85VlSnpa8j0Rf7utiZmwAOFV7dEu1,2026-04-17T14:00:00.000Z,,652.66982
19.2,no bubbles.,1776420000000,manual,,manual,HRWLs0YR1sMJ1y5dNqjz9xt05wuHwM$0$manual$manual$0,vnbQ5fSfWA1oU7cD58PQEuJ6N7Mlrx,2026-04-17T10:00:00.000Z,,652.66982
19.3,no bubbles.,1776405600000,manual,,manual,HRWLs0YR1sMJ1y5dNqjz9xt05wuHwM$0$manual$manual$0,DZz40wSyB5fOT0jq8RtcjplsewdmPn,2026-04-17T06:00:00.000Z,,652.66982
19.6,no bubbles.,1776369600000,manual,,manual,HRWLs0YR1sMJ1y5dNqjz9xt05wuHwM$0$manual$manual$0,BBMZ7lIZXewcJKYZYmhsIRersRFvzr,2026-04-16T20:00:00.000Z,,652.66982
20.1,no bubbles.,1776354300000,manual,,manual,HRWLs0YR1sMJ1y5dNqjz9xt05wuHwM$0$manual$manual$0,2Lhh2WDTZL00wUzqi2gDPYECGAuKgh,2026-04-16T15:45:00.000Z,,652.66982
19.2,no bubbles.,1776317400000,manual,,manual,HRWLs0YR1sMJ1y5dNqjz9xt05wuHwM$0$manual$manual$0,BlaeULVWlui7UzDpKkUDUIdhx4r8Ug,2026-04-16T05:30:00.000Z,,652.66982
19.2,no bubbles.,1776279600000,manual,,manual,HRWLs0YR1sMJ1y5dNqjz9xt05wuHwM$0$manual$manual$0,EU3LAojFu2H2rDdOkhNVdqm0ucpo8B,2026-04-15T19:00:00.000Z,,652.66982
19.1,no bubbles.,1776231000000,manual,,manual,HRWLs0YR1sMJ1y5dNqjz9xt05wuHwM$0$manual$manual$0,hf2zebLX5mucqrwrbRyIPifkeVnmX8,2026-04-15T05:30:00.000Z,,696.181141
19.1,no bubbles.,1776202200000,manual,,manual,HRWLs0YR1sMJ1y5dNqjz9xt05wuHwM$0$manual$manual$0,5W2qJQPP1S0iY9o2kvC0OkI10XpQhV,2026-04-14T21:30:00.000Z,,696.181141
19.1,no bubbles.,1776186900000,manual,,manual,HRWLs0YR1sMJ1y5dNqjz9xt05wuHwM$0$manual$manual$0,zYd52AIOldE0t4aerOqdQtwPu8GK5Y,2026-04-14T17:15:00.000Z,,696.181141
20,no bubbles.,1776145500000,manual,,manual,HRWLs0YR1sMJ1y5dNqjz9xt05wuHwM$0$manual$manual$0,syo8oKYk5Ufs6AhEhE6Qfs2UPx6YO3,2026-04-14T05:45:00.000Z,,696.181141
19.7,no bubbles.,1776106800000,manual,,manual,HRWLs0YR1sMJ1y5dNqjz9xt05wuHwM$0$manual$manual$0,XwYP6bJTntaQH9fZZLgSTvjuXdpi3E,2026-04-13T19:00:00.000Z,,652.66982
19.1,no bubbles.,1776087900000,manual,,manual,HRWLs0YR1sMJ1y5dNqjz9xt05wuHwM$0$manual$manual$0,KElcp6MliANhrQYS90cPhom0EBiKuc,2026-04-13T13:45:00.000Z,,652.66982
19.1,no bubbles.,1776074400000,manual,,manual,HRWLs0YR1sMJ1y5dNqjz9xt05wuHwM$0$manual$manual$0,hEn72btLZaaRi8vhRLSp5JtOtN5uXm,2026-04-13T10:00:00.000Z,,652.66982
20,no bubbles.,1776058200000,manual,,manual,HRWLs0YR1sMJ1y5dNqjz9xt05wuHwM$0$manual$manual$0,DC2KGQ3hGQeEoDQcxyN2u8a3mO3uvj,2026-04-13T05:30:00.000Z,,696.181141
19.4,no bubbles.,1776027600000,manual,,manual,HRWLs0YR1sMJ1y5dNqjz9xt05wuHwM$0$manual$manual$0,Uds7rincZH9Huu4HMHNMQ1oxR0dWfP,2026-04-12T21:00:00.000Z,,696.181141
19.6,no bubbles.,1776013200000,manual,,manual,HRWLs0YR1sMJ1y5dNqjz9xt05wuHwM$0$manual$manual$0,dGut8yXnNFY1NIZZE7r0eTIyaf6Vst,2026-04-12T17:00:00.000Z,,696.181141
18.7,no bubbles.,1775984400000,manual,,manual,HRWLs0YR1sMJ1y5dNqjz9xt05wuHwM$0$manual$manual$0,Lke3RDsKqp444q4LWNJaZGJ75eq32R,2026-04-12T09:00:00.000Z,,696.181141
18.8,no bubbles.,1775973600000,manual,,manual,HRWLs0YR1sMJ1y5dNqjz9xt05wuHwM$0$manual$manual$0,Kz5oCxyKX5AhqOaP9xBqgTlMdhWalb,2026-04-12T06:00:00.000Z,,696.181141
18.8,no bubbles.,1775930400000,manual,,manual,HRWLs0YR1sMJ1y5dNqjz9xt05wuHwM$0$manual$manual$0,W4233pFgoJ5G6CB3HZh6mK3qNKxB3b,2026-04-11T18:00:00.000Z,,696.181141
19.6,three bubbles.,1775916000000,manual,,manual,HRWLs0YR1sMJ1y5dNqjz9xt05wuHwM$0$manual$manual$0,dX0UxZ7GJgKjYiZvs92VQ6Cs3DXfJ5,2026-04-11T14:00:00.000Z,,725.188689
19,three bubbles.,1775886300000,manual,,manual,HRWLs0YR1sMJ1y5dNqjz9xt05wuHwM$0$manual$manual$0,3ItoFV3whxMyJGVQDSPqlp96HxxR2r,2026-04-11T05:45:00.000Z,,725.188689
19.2,one bubble.,1775844000000,manual,,manual,HRWLs0YR1sMJ1y5dNqjz9xt05wuHwM$0$manual$manual$0,pCbOrcrlOwXdFq2mFToNUj4hyEK58E,2026-04-10T18:00:00.000Z,,725.188689
18.8,no bubbles.,1775833200000,manual,,manual,HRWLs0YR1sMJ1y5dNqjz9xt05wuHwM$0$manual$manual$0,9ipstyPZPO4EtD5MpX9V2BXW1skl4t,2026-04-10T15:00:00.000Z,,725.188689
19.4,one bubble.,1775812500000,manual,,manual,HRWLs0YR1sMJ1y5dNqjz9xt05wuHwM$0$manual$manual$0,fUSwW1I5kpJRByzKOBAe5DlwIdWgWv,2026-04-10T09:15:00.000Z,,725.188689
19.1,three bubbles.,1775799900000,manual,,manual,HRWLs0YR1sMJ1y5dNqjz9xt05wuHwM$0$manual$manual$0,4RpAjWKoP890qKmFEjtBpFWayYbRLu,2026-04-10T05:45:00.000Z,,725.188689
18.9,many bubbles.,1775766600000,manual,,manual,HRWLs0YR1sMJ1y5dNqjz9xt05wuHwM$0$manual$manual$0,pAkJnyNeewNMlXWvcFV2L12tuAiIc2,2026-04-09T20:30:00.000Z,,725.188689
19,many bubbles.,1775751300000,manual,,manual,HRWLs0YR1sMJ1y5dNqjz9xt05wuHwM$0$manual$manual$0,JOMetWx1CUDjefbs3AG8pQYOAR9qSR,2026-04-09T16:15:00.000Z,,725.188689
18.9,many bubbles.,1775712600000,manual,,manual,HRWLs0YR1sMJ1y5dNqjz9xt05wuHwM$0$manual$manual$0,x4M3Xmpkw9RjauDyAjCt2D3emiMXMB,2026-04-09T05:30:00.000Z,,725.188689
18.8,many bubbles.,1775674800000,manual,,manual,HRWLs0YR1sMJ1y5dNqjz9xt05wuHwM$0$manual$manual$0,nQpHmysCUT49gYqYnygr5hUe0Tifa4,2026-04-08T19:00:00.000Z,,725.188689
18.8,many bubbles.,1775664000000,manual,,manual,HRWLs0YR1sMJ1y5dNqjz9xt05wuHwM$0$manual$manual$0,MZzS00XuSwlroz8G4JSpPtMabeTIEJ,2026-04-08T16:00:00.000Z,,725.188689
18.9,many bubbles.,1775627100000,manual,,manual,HRWLs0YR1sMJ1y5dNqjz9xt05wuHwM$0$manual$manual$0,jzrK2PZewId3Eb8gB7PwyrXhYFqIkc,2026-04-08T05:45:00.000Z,,725.188689
19,many bubbles.,1775592000000,manual,,manual,HRWLs0YR1sMJ1y5dNqjz9xt05wuHwM$0$manual$manual$0,dpQXbrGIcnifs2lm4zMrzbQdOJEu0M,2026-04-07T20:00:00.000Z,,725.188689
19,many bubbles.,1775580353660,manual,,manual,HRWLs0YR1sMJ1y5dNqjz9xt05wuHwM$0$manual$manual$0,PMd381pdaHO8uRS9TgKjU8mubvU0VL,2026-04-07T16:45:53.660Z,,725.188689
18.9,3 bubbles.,1775540700000,manual,,manual,HRWLs0YR1sMJ1y5dNqjz9xt05wuHwM$0$manual$manual$0,ZOfkv6cLMu41Xb6yfKUAs6d6JUe07M,2026-04-07T05:45:00.000Z,,725.188689
19,,1775500080000,manual,1.052,manual,HRWLs0YR1sMJ1y5dNqjz9xt05wuHwM$0$manual$manual$0,R9ul8pzFIvEbbflEHZHR25QfuzKytT,2026-04-06T18:28:00.000Z,5.24,0.145038